1,Name1               ,1
2,Name2               ,2
3,Name3               ,3
4,Name4               ,4
5,Name5               ,0
6,Name6               ,1
7,Name7               ,2
8,Name8               ,3
9,Name9               ,4
10,Name10              ,0
11,Name11              ,1
12,Name12              ,2
13,Name13              ,3
14,Name14              ,4
15,Name15              ,0
16,Name16              ,1
17,Name17              ,2
18,Name18              ,3
19,Name19              ,4
20,Name20              ,0
21,Name21              ,1
22,Name22              ,2
23,Name23              ,3
24,Name24              ,4
25,Name25              ,0
26,Name26              ,1
27,Name27              ,2
28,Name28              ,3
29,Name29              ,4
30,Name30              ,0
31,Name31              ,1
32,Name32              ,2
33,Name33              ,3
34,Name34              ,4
35,Name35              ,0
36,Name36              ,1
37,Name37              ,2
38,Name38              ,3
39,Name39              ,4
40,Name40              ,0
41,Name41              ,1
42,Name42              ,2
43,Name43              ,3
44,Name44              ,4
45,Name45              ,0
46,Name46              ,1
47,Name47              ,2
48,Name48              ,3
49,Name49              ,4
50,Name50              ,0
51,Name51              ,1
52,Name52              ,2
53,Name53              ,3
54,Name54              ,4
55,Name55              ,0
56,Name56              ,1
57,Name57              ,2
58,Name58              ,3
59,Name59              ,4
60,Name60              ,0
61,Name61              ,1
62,Name62              ,2
63,Name63              ,3
64,Name64              ,4
65,Name65              ,0
66,Name66              ,1
67,Name67              ,2
68,Name68              ,3
69,Name69              ,4
70,Name70              ,0
71,Name71              ,1
72,Name72              ,2
73,Name73              ,3
74,Name74              ,4
75,Name75              ,0
76,Name76              ,1
77,Name77              ,2
78,Name78              ,3
79,Name79              ,4
80,Name80              ,0
81,Name81              ,1
82,Name82              ,2
83,Name83              ,3
84,Name84              ,4
85,Name85              ,0
86,Name86              ,1
87,Name87              ,2
88,Name88              ,3
89,Name89              ,4
90,Name90              ,0
91,Name91              ,1
92,Name92              ,2
93,Name93              ,3
94,Name94              ,4
95,Name95              ,0
96,Name96              ,1
97,Name97              ,2
98,Name98              ,3
99,Name99              ,4
100,Name100             ,0
